{
    "output": 35.925910415469104,
    "average_similarity": 0.4790121388729214,
    "average_distance": 286.3125
}