{
    "prompt": "Demonstrate how to sort a dictionary by value in Python.",
    "similarities": [
        0.4655172413793104,
        0.30434782608695654,
        0.4833333333333333
    ],
    "mean_similarity": 0.4177328002665334,
    "distances": [
        167,
        340,
        186
    ],
    "mean_distance": 231.0
}