{
    "prompt": "Create a Rust program to calculate the greatest common divisor (GCD) of two numbers.",
    "similarities": [
        0.62,
        0.4807692307692307,
        0.5740740740740741
    ],
    "mean_similarity": 0.558281101614435,
    "distances": [
        129,
        242,
        119
    ],
    "mean_distance": 163.33333333333334
}