{
    "prompt": "Write a C# method that reverses a string without using built-in functions.",
    "similarities": [
        0.6458333333333333,
        0.4666666666666667,
        0.509090909090909
    ],
    "mean_similarity": 0.5405303030303029,
    "distances": [
        198,
        305,
        399
    ],
    "mean_distance": 300.6666666666667
}