{
    "prompt": "Write a Python script to merge two sorted lists into a new sorted list.",
    "similarities": [
        0.6666666666666667,
        0.7894736842105263,
        0.7894736842105263
    ],
    "mean_similarity": 0.7485380116959064,
    "distances": [
        134,
        94,
        48
    ],
    "mean_distance": 92.0
}