{
    "prompt": "In Ruby, write a method to check whether a string is a palindrome.",
    "similarities": [
        0.2909090909090909,
        0.3928571428571429,
        0.38888888888888884
    ],
    "mean_similarity": 0.35755170755170756,
    "distances": [
        488,
        408,
        437
    ],
    "mean_distance": 444.3333333333333
}