{
    "prompt": "What is the currency of Japan?",
    "similarities": [
        0.0847457627118644,
        0.875,
        0.20512820512820518
    ],
    "mean_similarity": 0.38829132261335647,
    "distances": [
        485,
        4,
        366
    ],
    "mean_distance": 285.0
}