{
    "prompt": "Design a SQL query to find the second highest salary from a table named 'Employees'.",
    "similarities": [
        0.13157894736842102,
        0.5531914893617021,
        0.49122807017543857
    ],
    "mean_similarity": 0.39199950230185393,
    "distances": [
        382,
        139,
        287
    ],
    "mean_distance": 269.3333333333333
}