{
    "prompt": "Explain the difference between a list and a tuple in Python.",
    "similarities": [
        0.2857142857142857,
        0.5411764705882354,
        0.4787234042553191
    ],
    "mean_similarity": 0.43520472018594675,
    "distances": [
        480,
        324,
        399
    ],
    "mean_distance": 401.0
}