{
    "prompt": "What language is primarily spoken in Brazil?",
    "similarities": [
        0.6666666666666667,
        1.0,
        1.0
    ],
    "mean_similarity": 0.888888888888889,
    "distances": [
        61,
        0,
        0
    ],
    "mean_distance": 20.333333333333332
}