{
    "prompt": "Implement a function in Go that checks if a string is an anagram of another string.",
    "similarities": [
        0.48888888888888893,
        0.5714285714285714,
        0.736842105263158
    ],
    "mean_similarity": 0.5990531885268727,
    "distances": [
        230,
        120,
        103
    ],
    "mean_distance": 151.0
}