{
    "prompt": "Write a Python function to check if a number is prime.",
    "similarities": [
        0.5423728813559322,
        0.5818181818181818,
        0.5
    ],
    "mean_similarity": 0.541397021058038,
    "distances": [
        401,
        280,
        298
    ],
    "mean_distance": 326.3333333333333
}