{
    "prompt": "What is the tallest mountain on Earth?",
    "similarities": [
        0.48484848484848486,
        0.696969696969697,
        0.30487804878048785
    ],
    "mean_similarity": 0.4955654101995566,
    "distances": [
        68,
        59,
        531
    ],
    "mean_distance": 219.33333333333334
}