{
    "prompt": "Design a SQL query to find the second highest salary from a table named 'Employees'.",
    "similarities": [
        0.8888888888888888,
        1.0,
        1.0
    ],
    "mean_similarity": 0.9629629629629629,
    "distances": [
        14,
        10,
        10
    ],
    "mean_distance": 11.333333333333334
}