{
    "prompt": "Design a SQL query to find the second highest salary from a table named 'Employees'.",
    "similarities": [
        0.7777777777777778,
        0.6363636363636364,
        0.8571428571428572
    ],
    "mean_similarity": 0.757094757094757,
    "distances": [
        27,
        47,
        10
    ],
    "mean_distance": 28.0
}