{
    "prompt": "Write a C++ program to convert a binary number to a decimal number.",
    "similarities": [
        0.7272727272727273,
        0.6285714285714286,
        0.7058823529411764
    ],
    "mean_similarity": 0.6872421695951108,
    "distances": [
        117,
        177,
        174
    ],
    "mean_distance": 156.0
}