{
    "prompt": "What language is primarily spoken in Brazil?",
    "similarities": [
        0.6363636363636364,
        0.7777777777777778,
        0.7777777777777778
    ],
    "mean_similarity": 0.7306397306397306,
    "distances": [
        27,
        16,
        16
    ],
    "mean_distance": 19.666666666666668
}