{
    "prompt": "Which animal is known as the King of the Jungle?",
    "similarities": [
        0.375,
        0.375,
        0.5384615384615384
    ],
    "mean_similarity": 0.42948717948717946,
    "distances": [
        55,
        56,
        42
    ],
    "mean_distance": 51.0
}