{
    "prompt": "Design a SQL query to find the second highest salary from a table named 'Employees'.",
    "similarities": [
        0.7,
        1.0,
        0.8888888888888888
    ],
    "mean_similarity": 0.8629629629629628,
    "distances": [
        57,
        0,
        4
    ],
    "mean_distance": 20.333333333333332
}