{
    "prompt": "What gas do plants absorb during photosynthesis?",
    "similarities": [
        0.2222222222222222,
        0.7777777777777778,
        0.875
    ],
    "mean_similarity": 0.625,
    "distances": [
        143,
        14,
        10
    ],
    "mean_distance": 55.666666666666664
}