{
    "prompt": "Create a Java method that finds the largest number in an array.",
    "similarities": [
        0.4,
        0.4626865671641791,
        0.4426229508196722
    ],
    "mean_similarity": 0.43510317266128373,
    "distances": [
        425,
        294,
        252
    ],
    "mean_distance": 323.6666666666667
}