{
    "prompt": "What gas do plants absorb during photosynthesis?",
    "similarities": [
        0.6,
        0.6666666666666667,
        0.6666666666666667
    ],
    "mean_similarity": 0.6444444444444445,
    "distances": [
        17,
        15,
        15
    ],
    "mean_distance": 15.666666666666666
}