{
    "prompt": "Construct a regular expression in JavaScript that validates an email address.",
    "similarities": [
        0.023809523809523836,
        0.0,
        0.0
    ],
    "mean_similarity": 0.007936507936507945,
    "distances": [
        563,
        583,
        605
    ],
    "mean_distance": 583.6666666666666
}