{
    "prompt": "In Ruby, write a method to check whether a string is a palindrome.",
    "similarities": [
        0.4666666666666667,
        0.5,
        0.5
    ],
    "mean_similarity": 0.48888888888888893,
    "distances": [
        115,
        132,
        118
    ],
    "mean_distance": 121.66666666666667
}